pow_slow_StartZone,pow_slow_FirstArm,pow_slow_Junction,pow_slow_SecondArm,pow_slow_GoalZone,pow_slow_AfterReachedReward_10sec,pow_slow_AfterConsumedReward_10_sec,pow_slow_BeforeGoalZone,pow_slow_DuringMaze,pow_slow_HomeCageLast10sec,pow_slow_Total,pow_theta_StartZone,pow_theta_FirstArm,pow_theta_Junction,pow_theta_SecondArm,pow_theta_GoalZone,pow_theta_AfterReachedReward_10sec,pow_theta_AfterConsumedReward_10_sec,pow_theta_BeforeGoalZone,pow_theta_DuringMaze,pow_theta_HomeCageLast10sec,pow_theta_Total,pow_above_theta_StartZone,pow_above_theta_FirstArm,pow_above_theta_Junction,pow_above_theta_SecondArm,pow_above_theta_GoalZone,pow_above_theta_AfterReachedReward_10sec,pow_above_theta_AfterConsumedReward_10_sec,pow_above_theta_BeforeGoalZone,pow_above_theta_DuringMaze,pow_above_theta_HomeCageLast10sec,pow_above_theta_Total,pow_slow_gamma_StartZone,pow_slow_gamma_FirstArm,pow_slow_gamma_Junction,pow_slow_gamma_SecondArm,pow_slow_gamma_GoalZone,pow_slow_gamma_AfterReachedReward_10sec,pow_slow_gamma_AfterConsumedReward_10_sec,pow_slow_gamma_BeforeGoalZone,pow_slow_gamma_DuringMaze,pow_slow_gamma_HomeCageLast10sec,pow_slow_gamma_Total,pow_med_gamma_StartZone,pow_med_gamma_FirstArm,pow_med_gamma_Junction,pow_med_gamma_SecondArm,pow_med_gamma_GoalZone,pow_med_gamma_AfterReachedReward_10sec,pow_med_gamma_AfterConsumedReward_10_sec,pow_med_gamma_BeforeGoalZone,pow_med_gamma_DuringMaze,pow_med_gamma_HomeCageLast10sec,pow_med_gamma_Total,pow_fast_gamma_StartZone,pow_fast_gamma_FirstArm,pow_fast_gamma_Junction,pow_fast_gamma_SecondArm,pow_fast_gamma_GoalZone,pow_fast_gamma_AfterReachedReward_10sec,pow_fast_gamma_AfterConsumedReward_10_sec,pow_fast_gamma_BeforeGoalZone,pow_fast_gamma_DuringMaze,pow_fast_gamma_HomeCageLast10sec,pow_fast_gamma_Total,pow_dom_freq_StartZone,pow_dom_freq_FirstArm,pow_dom_freq_Junction,pow_dom_freq_SecondArm,pow_dom_freq_GoalZone,pow_dom_freq_AfterReachedReward_10sec,pow_dom_freq_AfterConsumedReward_10_sec,pow_dom_freq_BeforeGoalZone,pow_dom_freq_DuringMaze,pow_dom_freq_HomeCageLast10sec,pow_dom_freq_Total,pow_theta_dom_freq_StartZone,pow_theta_dom_freq_FirstArm,pow_theta_dom_freq_Junction,pow_theta_dom_freq_SecondArm,pow_theta_dom_freq_GoalZone,pow_theta_dom_freq_AfterReachedReward_10sec,pow_theta_dom_freq_AfterConsumedReward_10_sec,pow_theta_dom_freq_BeforeGoalZone,pow_theta_dom_freq_DuringMaze,pow_theta_dom_freq_HomeCageLast10sec,pow_theta_dom_freq_Total,pow_ripples_freq_StartZone,pow_ripples_freq_FirstArm,pow_ripples_freq_Junction,pow_ripples_freq_SecondArm,pow_ripples_freq_GoalZone,pow_ripples_freq_AfterReachedReward_10sec,pow_ripples_freq_AfterConsumedReward_10_sec,pow_ripples_freq_BeforeGoalZone,pow_ripples_freq_DuringMaze,pow_ripples_freq_HomeCageLast10sec,pow_ripples_freq_Total,velocity_StartZone,velocity_FirstArm,velocity_Junction,velocity_SecondArm,velocity_GoalZone,velocity_AfterReachedReward_10sec,velocity_AfterConsumedReward_10_sec,velocity_BeforeGoalZone,velocity_DuringMaze,velocity_HomeCageLast10sec,velocity_Total,experiment,trial,animal,date
0.000371028011280517,0.000243174387669737,0.000243174387669737,0.000165083725424439,0.000135524185526427,0.000135524185526427,0.000130705932215297,0.000350499529646376,0.000327697423652351,0.000149154510647523,0.000571462807254539,0.000591254862749316,0.000558952695870859,0.000558952695870859,0.000614157689869128,0.000928853512333835,0.000928853512333835,0.000784993375648303,0.000585557347227727,0.000626188673301552,0.000559511171939275,0.000906203038688204,0.00323216682592748,0.00327173542632715,0.00327173542632715,0.0028331221579282,0.00374777533112543,0.00374777533112543,0.00393459983978508,0.00320653845545074,0.00326872208262457,0.00504963802589166,0.0063376163673805,0.00082037131386954,0.000705944483066067,0.000705944483066067,0.000624601287809534,0.000580412425616817,0.000580412425616817,0.000794548766792791,0.000795620097492919,0.00076957139232925,0.000673624481933438,0.00108412379059065,0.000914126423770311,0.000865891243306579,0.000865891243306579,0.000757426580781614,0.00135293857188343,0.00135293857188343,0.00132609745926013,0.000899026739510488,0.000952647171507203,0.00115424882188264,0.00162711260593268,0.00095761363280364,0.000957899197364097,0.000957899197364097,0.00104472686169866,0.00125388341829236,0.00125388341829236,0.00115429493519213,0.000964422354944636,0.000997757227455362,0.00303225314253154,0.00300847273018609,4.7401447570442,6.70357700302362,6.70357700302362,5.83580273608116,6.25465850512848,6.25465850512848,6.70357700302362,4.7401447570442,6.25465850512848,6.70357700302362,0.195458078285265,6.70357700302362,6.70357700302362,6.70357700302362,6.25465850512848,6.25465850512848,6.25465850512848,6.70357700302362,6.70357700302362,6.25465850512848,6.70357700302362,7.1847159359093,0.0694444444444444,0,0,0,0.441176470588235,0,0.1,0.0581395348837209,0.0513698630136986,0.1,0.023209549071618,1.5625,15.3409090909091,15.3409090909091,16.875,0,0,0,4.65116279069767,5.13698630136986,10,0,2018-02-11_Albert_trial_10,10,Albert,2018-02-11
0.000254206992505493,0.000252216063982845,0.000146306701758669,0.000108188122932345,0.000239825797840833,0.000239825797840833,0.000228154298089834,0.000254557754106481,0.000253069965271747,0.00018038054249219,0.000267828505865435,0.000558687606587846,0.000241346723961256,0.000255188958467983,0.000383650638075095,0.000466159468266932,0.000466159468266932,0.000606811415546751,0.000549326371288452,0.00054453014294825,0.000809666739060889,0.000792842701644144,0.00361691156433261,0.00347956360236096,0.00264033812186841,0.0051935724456575,0.00299992786279442,0.00299992786279442,0.00347456967254574,0.00361983921985671,0.00358259028051721,0.00421682729743491,0.00441123331374231,0.000842279213760289,0.000681795950238906,0.000667215925762039,0.000857311366116327,0.000731487647905206,0.000731487647905206,0.000904171695513848,0.000837620801047887,0.000830388978151596,0.000720953183253901,0.000920354435645446,0.000892895272771934,0.000828439437248091,0.000709659154932063,0.00115410381541582,0.000817724030507244,0.000817724030507244,0.000756195335026949,0.000892530685572595,0.000888100776034785,0.00121319866219182,0.00118152117673754,0.00139121447293448,0.00155699949205473,0.000795652101080275,0.00272697545055682,0.00103230463907567,0.00103230463907567,0.00118975097647324,0.00140134823220658,0.0013786292496201,0.0017153106588396,0.00171482675419165,6.25465850512848,3.8501939379846,5.08036135918052,8.25307137669999,5.83580273608116,5.83580273608116,5.83580273608116,6.25465850512848,6.25465850512848,6.70357700302362,0.0740647618288157,6.25465850512848,7.1847159359093,8.25307137669999,8.25307137669999,6.25465850512848,5.83580273608116,6.25465850512848,6.25465850512848,6.25465850512848,6.70357700302362,6.70357700302362,0.0964187327823691,0,0,0,0.2,0,0,0.092511013215859,0.0991735537190083,0.1,0.00734481456091999,0.309917355371901,18.75,15,25.9615384615385,0,0,0,1.05726872246696,1.2396694214876,10,0,2018-02-11_Albert_trial_1,1,Albert,2018-02-11
0.000713571270395004,5.66414247563032e-05,6.57777212446946e-05,0,0.000151651758228879,0.000151651758228879,0.000218480861597159,0.000628147352023236,0.000556092189867981,0.000286577146587383,0.000333476748558233,0.000531622944351164,0.00143993874733009,0.00107943659690403,0.000178254885413062,0.00109216531151942,0.00109216531151942,0.000758152754277448,0.000599042164006819,0.000675398328824141,0.00140612094596566,0.000771255635292103,0.00331019104155523,0.00448745341421653,0.00379568150980784,0.00414423981620519,0.0038209368303964,0.0038209368303964,0.00387935543862325,0.00342241459114779,0.00348350007160513,0.00446521172112488,0.0037943144600367,0.000763134322808582,0.000884870268275019,0.00090179858142537,0.00134487087388747,0.000845422845648103,0.000845422845648103,0.00104343595688385,0.000800882640750027,0.000807926829984341,0.000928600921287155,0.000924648565403669,0.000968761509202516,0.00129456125081168,0.000884074043832589,0.000934633534903316,0.00114309929140488,0.00114309929140488,0.00109164804496618,0.000977246398652623,0.00100307526557802,0.00148981375604676,0.00104839558314735,0.00109610577162463,0.00132262786117465,0.00107583682442879,0.000992175261405565,0.00127748906387304,0.00127748906387304,0.0011404852149095,0.00110112377629771,0.00112840725200026,0.00119644329952987,0.00123540979996986,0.51581696104375,6.25465850512848,6.25465850512848,13.4071540060472,6.70357700302362,6.70357700302362,6.70357700302362,0.51581696104375,0.51581696104375,0.340312280304031,0.0691048662966011,6.25465850512848,6.25465850512848,6.25465850512848,9.48028951408839,6.70357700302362,6.70357700302362,6.70357700302362,6.25465850512848,6.70357700302362,7.70038787596919,6.70357700302362,0.0638297872340425,0,0,0,0,0,0,0.0547445255474453,0.0462962962962963,0.1,0.0539433704698578,1.43617021276596,25.9615384615385,15,30.6818181818182,0,0,0,4.37956204379562,4.62962962962963,10,0,2018-02-11_Albert_trial_2,2,Albert,2018-02-11
0.000176812134828929,4.24884574402428e-05,0,0,5.38288409222357e-05,5.38288409222357e-05,0.000147530021232982,0.000146797681609921,0.000115726211018002,0.000100007293453421,0.000232804650256171,0.000667864095599249,0.000706741815332295,0.000885048901626448,0.000966884801627225,0.00135944231667314,0.00135944231667314,0.000848007059787447,0.000742213208117727,0.00095648535276138,0.000798350057726748,0.000765818775852868,0.00981650299221122,0.00995972254296411,0.0122986480036654,0.0102728569800847,0.0111564020029146,0.0111564020029146,0.0101927727326399,0.0100203757153405,0.0104134992296808,0.00680862122972648,0.00728794999013728,0.000703156855177058,0.000797924186655736,0.00128247376951323,0.0010573632878639,0.000934430634009916,0.000934430634009916,0.00102847503729789,0.000789413002117324,0.000839812057760887,0.00100016747329558,0.000856656642260863,0.0013468970848535,0.00164329767593578,0.00239314973577021,0.00117537481870881,0.00180546600150627,0.00180546600150627,0.0015875114295715,0.00144506300704046,0.00157028408859265,0.00149191691593428,0.00130288970178501,0.00763538793796853,0.00698162151034373,0.00828534430635757,0.0066065341270694,0.00775795755796822,0.00775795755796822,0.00705633945549957,0.00747657565603279,0.00757447388913974,0.00404488752775403,0.0047905203226356,6.25465850512848,6.70357700302362,8.84542288596492,7.70038787596919,7.1847159359093,7.1847159359093,7.1847159359093,6.25465850512848,7.1847159359093,7.1847159359093,7.1847159359093,6.25465850512848,6.70357700302362,8.84542288596492,7.70038787596919,7.1847159359093,7.1847159359093,7.1847159359093,6.25465850512848,7.1847159359093,7.1847159359093,7.1847159359093,0,0.625,0,0,0,0,0,0.111940298507463,0,0.1,0.122143521869507,3.70879120879121,14.0625,28.125,30.6818181818182,0,0,0,8.95522388059701,7.31707317073171,10,0,2018-02-11_Albert_trial_3,3,Albert,2018-02-11
0.000242485566658181,0.000189644870016636,0.000189644870016636,0.000230635667869752,7.75586550867579e-05,7.75586550867579e-05,9.53359970360363e-05,0.000243317712685389,0.000219799244102985,0.00011212330234392,0.000175720986028504,0.000700674613110673,0.000512316756290313,0.000512316756290313,0.000741707065700518,0.00102985903781448,0.00102985903781448,0.00101217390880712,0.000695823785970099,0.000742591245159919,0.000797013248271852,0.000884365479885623,0.00352357376172423,0.00336837965697844,0.00336837965697844,0.00288090180666667,0.00366175912558042,0.00366175912558042,0.00402605853960649,0.00346696469725495,0.00349101450353628,0.00346116131218487,0.00362337132881535,0.00071339697192053,0.000789958746631301,0.000789958746631301,0.000589767527447031,0.000678872037336925,0.000678872037336925,0.000849761369962079,0.000707822508235211,0.000704673562136561,0.000886044225353643,0.000863188868604244,0.00106765504685264,0.000987008123835459,0.000987008123835459,0.000958771853561262,0.00125128061515936,0.00125128061515936,0.00131027811674665,0.00105556271672822,0.00108163523758162,0.000985139405447897,0.00110826048095016,0.00137880794894943,0.00106231616792814,0.00106231616792814,0.000934567989021111,0.00120466497700832,0.00120466497700832,0.00120709323780566,0.00133218822691668,0.00131536490264141,0.000918130489184556,0.00109458480666683,6.70357700302362,5.83580273608116,5.83580273608116,5.83580273608116,6.70357700302362,6.70357700302362,7.1847159359093,6.70357700302362,6.70357700302362,6.70357700302362,7.1847159359093,6.70357700302362,6.25465850512848,5.83580273608116,6.25465850512848,6.70357700302362,6.70357700302362,7.1847159359093,6.70357700302362,6.70357700302362,6.70357700302362,7.1847159359093,0.11070110701107,0,0,0,0,0,0,0.0970873786407767,0.0840336134453781,0,0.032614097573097,1.24538745387454,21.09375,21.09375,16.875,0,0,0,3.88349514563107,4.20168067226891,10,0,2018-02-11_Albert_trial_4,4,Albert,2018-02-11
0.000166288223993079,0.000103647122496799,0.000103647122496799,0,0.00014164869670013,0.00014164869670013,0.000238823901004752,0.0001454091082731,0.000142013563778517,7.15179938381164e-05,0.000231151544409311,0.000703151446188934,0.000980628897051182,0.000980628897051182,0.000811423970965089,0.0011146112977857,0.0011146112977857,0.000403587063306239,0.000765342776327752,0.000874725191032245,0.00105122255764994,0.000874799043564141,0.00307194605701357,0.00426930791683809,0.00426930791683809,0.00360217635337356,0.00426288472587522,0.00426288472587522,0.00408249385192922,0.00328582586679156,0.00358547984845621,0.00385009464598137,0.00381100092231019,0.000630986732968125,0.000786763718608754,0.000786763718608754,0.000730107922977478,0.000744457352486418,0.000744457352486418,0.00116748643437794,0.000660208554049342,0.000686802756660707,0.000846842614094329,0.000887002225514127,0.00102203896838208,0.00144319495305619,0.00144319495305619,0.00115173629181021,0.00149323979147906,0.00149323979147906,0.00110250810218181,0.0010964702760884,0.00121815565557626,0.00132843644424406,0.00118997847781896,0.00093917359182982,0.0015575804825403,0.0015575804825403,0.00129959745721201,0.00144819758198701,0.00144819758198701,0.0012504526494047,0.00104750508985288,0.00117011768803077,0.00105218192878645,0.00111229600447792,6.70357700302362,7.1847159359093,7.1847159359093,6.70357700302362,6.70357700302362,6.70357700302362,4.42271144298246,6.70357700302362,6.70357700302362,7.1847159359093,0.0850780700760078,6.70357700302362,7.1847159359093,7.1847159359093,6.70357700302362,6.70357700302362,6.70357700302362,7.1847159359093,6.70357700302362,6.70357700302362,7.1847159359093,7.1847159359093,0,0,0,0,0,0,0.1,0,0,0.1,0.0496459769028003,2.93478260869565,17.7631578947368,17.7631578947368,33.75,0,0,0,8.27586206896552,7.17703349282297,10,0,2018-02-11_Albert_trial_5,5,Albert,2018-02-11
0.000116202260427599,0.000121403256730247,0.000121403256730247,9.30255814774604e-05,4.53780526457844e-05,4.53780526457844e-05,0.000253424689871895,0.000142165572608588,0.000100673130440032,0.000186663336282038,0.000190232786120551,0.00102446071634759,0.000989339876423221,0.000989339876423221,0.00119534280398445,0.000917081682942249,0.000917081682942249,0.000308931130307833,0.00102500634822924,0.000998140244358006,0.00144703813546423,0.000850395744249844,0.00384767308352269,0.0071920749201407,0.0071920749201407,0.00729166875874015,0.00498018867760676,0.00498018867760676,0.00325948138492101,0.00496829109591058,0.00496740125392284,0.00414115773743051,0.0036536977689493,0.000739049920967527,0.0010023458108822,0.0010023458108822,0.0011210718817424,0.000987888189695323,0.000987888189695323,0.00105525122856385,0.000848805349094066,0.000900076056100369,0.000926040058450635,0.000915308292488499,0.0011769374546583,0.00237535512665567,0.00237535512665567,0.0023138000160894,0.00182471824714872,0.00182471824714872,0.000760397827918508,0.00155659652874378,0.00165864412702418,0.00113941273363014,0.00105485172183567,0.00141679848124073,0.00398002987180195,0.00398002987180195,0.00320232481123712,0.00160936228818008,0.00160936228818008,0.00107643588609828,0.00211555617878452,0.00192632107252138,0.0011723927636997,0.00110942367565474,6.70357700302362,8.25307137669999,8.25307137669999,6.70357700302362,7.1847159359093,7.1847159359093,5.44499648486449,6.70357700302362,6.70357700302362,6.70357700302362,6.70357700302362,6.70357700302362,8.25307137669999,8.25307137669999,6.70357700302362,7.1847159359093,7.1847159359093,6.25465850512848,6.70357700302362,6.70357700302362,6.70357700302362,6.70357700302362,0,0,0,0,0.272727272727273,0,0.1,0.16304347826087,0.102040816326531,0.1,0.0802793210663133,5.44354838709677,24.1071428571429,24.1071428571429,21.09375,0,0,0,13.0434782608696,10.2040816326531,10,0,2018-02-11_Albert_trial_6,6,Albert,2018-02-11
0.000185786671899663,0.000143945401839275,0,0,0.000136633266515763,0.000136633266515763,0.00019301837147694,0.000143111911631078,0.000140383078386513,0.000103569366566762,0.000195003726037069,0.000698726618224768,0.00123536746227621,0.00127246910614757,0.00168147356238095,0.000679177519078702,0.000679177519078702,0.000727973026609594,0.000931318782737294,0.000834420762922032,0.00113300007050199,0.000905987512200554,0.00350689587568513,0.00431791114352285,0.00378584695112477,0.00364617266460044,0.00403363231221597,0.00403363231221597,0.00377207474382212,0.00363826095514915,0.00379239054788319,0.00343535808454642,0.0035686578389908,0.00056660124821603,0.000705524387806204,0.000685965950227681,0.00058386795900947,0.000988115229924131,0.000988115229924131,0.000995581368839514,0.000592335593731839,0.000744809319764609,0.000841262563383496,0.000824479368938273,0.00130712004190235,0.00146729513115026,0.00105864946616934,0.00126270716690597,0.00135914756464027,0.00135914756464027,0.00105238436850464,0.00130880986387786,0.00132738042681073,0.00104025088532076,0.00109571635202645,0.00147422976693956,0.00121210476993414,0.000877654240074486,0.00148719608231964,0.000966924598852566,0.000966924598852566,0.00119719792248381,0.00139631009254501,0.00123057383218097,0.000918760623374279,0.00107575883233354,6.70357700302362,6.70357700302362,6.70357700302362,6.70357700302362,7.1847159359093,7.1847159359093,7.70038787596919,6.70357700302362,6.70357700302362,7.1847159359093,7.1847159359093,6.70357700302362,6.70357700302362,6.70357700302362,6.70357700302362,7.1847159359093,7.1847159359093,7.70038787596919,6.70357700302362,6.70357700302362,7.1847159359093,7.1847159359093,0.182926829268293,0,0,0,0,0,0,0.129310344827586,0.0793650793650794,0,0.054230635144034,4.11585365853659,22.5,25,33.75,0,0,0,10.3448275862069,7.93650793650794,10,0,2018-02-11_Albert_trial_7,7,Albert,2018-02-11
0.000218470996636046,0,0,4.87546476240368e-05,0.0001131083061215,0.0001131083061215,0.000312352837969926,0.000185125658226667,0.000152957074195655,0.000117529832377012,0.000228344362546273,0.000797129742946999,0.00130981821923003,0.00130981821923003,0.00151419725812066,0.000692280860620694,0.000692280860620694,0.000279737250119715,0.00105115305540112,0.00087838739321259,0.00140168018133634,0.000876389993381937,0.00377395729036879,0.00447530679332217,0.00447530679332217,0.00463669676594281,0.00431372251430725,0.00431372251430725,0.00325228256996529,0.00406769030988307,0.00418300058798077,0.00381904585830465,0.00375037676042651,0.0007953156673949,0.000911216960738181,0.000911216960738181,0.00072895735247224,0.000933619315049089,0.000933619315049089,0.00100574097169453,0.000796040717182163,0.000857799200158044,0.000855535900102189,0.000907259706600414,0.00126051414265683,0.00141830606015373,0.00141830606015373,0.00175519515171885,0.00135814012563092,0.00135814012563092,0.000772574415029642,0.0013990808082656,0.00138488377076179,0.00119682149901152,0.00105339041649422,0.0012158214315472,0.00144565325891473,0.00144565325891473,0.00133496392279809,0.00148184745261748,0.00148184745261748,0.00106447146022135,0.00127513845685623,0.00137205409863461,0.00100136225924446,0.00114803325462365,6.25465850512848,7.1847159359093,7.1847159359093,7.1847159359093,7.1847159359093,7.1847159359093,5.44499648486449,7.1847159359093,7.1847159359093,7.1847159359093,7.1847159359093,6.25465850512848,7.1847159359093,7.1847159359093,7.1847159359093,7.1847159359093,7.1847159359093,6.25465850512848,7.1847159359093,7.1847159359093,7.1847159359093,7.1847159359093,0,0,0,0,0.202702702702703,0,0,0,0.0974025974025974,0,0.0338164251207729,6.75,30.6818181818182,30.6818181818182,17.7631578947368,0,0,0,15,9.74025974025974,10,0,2018-02-11_Albert_trial_8,8,Albert,2018-02-11
0.000126370608854644,6.31063455858311e-05,0,0,0.00015074233187607,0.00015074233187607,0.000117118871817342,0.000124041004723218,0.000128956131706578,0.000137907039138887,0.000301224884484794,0.000775376863756924,0.000586176892586516,0,0.000734107223061594,0.000889489607772523,0.000889489607772523,0.000920547148999468,0.000761844023025687,0.000781030316499816,0.000917444320301629,0.000995670279454665,0.00376961870434218,0.00468988311424986,0.00363988945087903,0.0028521131940585,0.00441944417073824,0.00441944417073824,0.00443336775374135,0.00381282231721172,0.00390888291452456,0.00348277413900673,0.0049233819696348,0.000725548087071712,0.00117601289594003,0.00153514712544662,0.000637015201740261,0.000687108919744885,0.000687108919744885,0.000833996996826375,0.000769661639698515,0.00075730422613842,0.000937251415654377,0.00109387079435697,0.00120976256637105,0.00123845598429557,0.000837880819755803,0.00102353785537392,0.00133866820028731,0.00133866820028731,0.00138509097434758,0.00120117937287974,0.00122289649133494,0.000953044763934322,0.00152995890757292,0.00138598996040011,0.00200246464205837,0.000550180917935136,0.000874023718221444,0.00197948745607864,0.00197948745607864,0.0017299411054352,0.00140428640070576,0.00149459414986297,0.000982453510788163,0.00170496660950297,6.70357700302362,6.25465850512848,33.0122855067999,6.70357700302362,6.25465850512848,6.25465850512848,6.70357700302362,6.70357700302362,6.70357700302362,6.70357700302362,7.1847159359093,6.70357700302362,6.25465850512848,0,6.70357700302362,6.25465850512848,6.25465850512848,6.70357700302362,6.70357700302362,6.70357700302362,6.70357700302362,7.1847159359093,0.114503816793893,0,0,0,0,0,0.1,0.149501661129568,0.126050420168067,0,0.0124561070513429,1.2881679389313,14.0625,56.25,30.6818181818182,0,0,0,3.98671096345515,4.20168067226891,10,0,2018-02-11_Albert_trial_9,9,Albert,2018-02-11
0.00210053076016158,0,0,0,0.000732098265740604,0.000732098265740604,0.000916204583480584,0.00196936444740662,0.00183383117966437,0.000267428845262917,0.000646043286923802,0.00166559370907684,0.00133215562758193,0.00101052593422634,0.00192763970575063,0.00265190367818588,0.00265190367818588,0.000665270546327965,0.00162399309592838,0.00178450419609147,0.00147291631314961,0.00129661594982809,0.0186134202532664,0.0125789251154936,0.00648430741490093,0.0191495568198115,0.0258943553750696,0.0258943553750696,0.00518257200041904,0.0176278343287932,0.0188304675072948,0.00670190820464787,0.00800381889236541,0.00457941488199955,0.00459669894881692,0.00168965651268799,0.00397234724976052,0.00289362677048807,0.00289362677048807,0.00173176504986956,0.00437262922579033,0.00415550584602233,0.00166301814984834,0.00208774053175323,0.00547392284578285,0.00277553637170177,0.00124393679323347,0.00565361396713211,0.00928522159669498,0.00928522159669498,0.00112699541002743,0.00508728022190961,0.00569644068701248,0.00215280806481045,0.0023246536557745,0.00608035812388984,0.00246306818227424,0.00124464037850138,0.0054231700769104,0.0134348907977494,0.0134348907977494,0.00101700781708343,0.00555608753376688,0.00670645397485875,0.00163142089705298,0.00208857158710208,0.51581696104375,6.25465850512848,5.83580273608116,8.25307137669999,7.1847159359093,7.1847159359093,4.7401447570442,0.481274242248075,0.481274242248075,6.70357700302362,0.158761292474391,6.25465850512848,6.25465850512848,6.25465850512848,8.25307137669999,7.1847159359093,7.1847159359093,6.25465850512848,6.25465850512848,6.25465850512848,6.70357700302362,6.70357700302362,0.111111111111111,0,0,0,0,0,0,0.0920245398773006,0.235602094240838,0.2,0.0195915016419544,2.5,33.75,25,37.5,0,0,0,7.36196319018405,7.85340314136126,10,0,2018-02-11_Nigel_trial_10,10,Nigel,2018-02-11
0.000304416035657989,0.000139870014293553,0.000139870014293553,0,0.000101943521750785,0.000101943521750785,0.000707369360691001,0.000291000629434606,0.000238571444341007,0.000432479834660555,0.00034264151869422,0.00114993788762546,0.00222061269458428,0.00222061269458428,0.00176483487914248,0.00244111301631288,0.00244111301631288,0.000922510243328026,0.00123789798607518,0.00156634638113361,0.00128827823396373,0.00159868503419002,0.00764430887864947,0.00690630635621437,0.00690630635621437,0.00999664807166133,0.0093736054619246,0.0093736054619246,0.00469158868175898,0.00789267198609942,0.00829549592330512,0.00687998622328476,0.00721765432131068,0.00239213955629895,0.00224625702946779,0.00224625702946779,0.00376478766971714,0.00212127649572125,0.00212127649572125,0.00133350877116786,0.00250869583860177,0.00240351097041252,0.00178517656284896,0.00190984378358528,0.00206717110797129,0.00148850290070327,0.00148850290070327,0.00240895337780761,0.00299129267511195,0.00299129267511195,0.00112474967239321,0.0020385025518489,0.00229687348261506,0.00166928612289344,0.0020528126262275,0.0020952071288943,0.00141556358554621,0.00141556358554621,0.00165134924617164,0.00231088534244166,0.00231088534244166,0.00105528160462437,0.00199458624222493,0.00208034700733821,0.00183927127032222,0.00172363419531445,6.25465850512848,7.1847159359093,7.1847159359093,6.70357700302362,6.70357700302362,6.70357700302362,5.44499648486449,6.25465850512848,6.70357700302362,6.25465850512848,6.70357700302362,6.25465850512848,7.1847159359093,7.1847159359093,6.70357700302362,6.70357700302362,6.70357700302362,6.25465850512848,6.25465850512848,6.70357700302362,6.25465850512848,6.70357700302362,0.108695652173913,0,0,0,0.245901639344262,0,0,0.0914634146341463,0.133333333333333,0,0.101239833478907,2.44565217391304,24.1071428571429,24.1071428571429,33.75,0,0,0,7.31707317073171,6.66666666666667,10,0,2018-02-11_Nigel_trial_1,1,Nigel,2018-02-11
0.000250510331069561,0,0,0,8.87570046518631e-05,8.87570046518631e-05,0.000629588394579364,0.000308535334750165,0.000243223502365201,0.000344815173500225,0.000379070697931874,0.0023167101782408,0.00266963647604417,0.0034068958917526,0.00303188050339458,0.00136444340599542,0.00136444340599542,0.000947096242169645,0.00283363217706539,0.00230121443536043,0.00131326919647534,0.00151705830646633,0.00812317952804404,0.00838907556021487,0.0102771876812722,0.010543458711697,0.00767257358971728,0.00767257358971728,0.00480137890584274,0.00896984337851044,0.00849430969436,0.00788303002288992,0.00712157970128265,0.00164892882011521,0.00118002935103412,0.0017485954446834,0.000885739042164997,0.00174057837227526,0.00174057837227526,0.00123912378953318,0.00145805848604086,0.00156577388600618,0.00204809408342338,0.00185105441538255,0.00284548049197825,0.00314498509804056,0.00347259249036679,0.00466598877852942,0.00271358856556348,0.00271358856556348,0.00125051984938155,0.00332309779080416,0.00309746106848014,0.00227201353962327,0.00223246905899009,0.00204012382852087,0.00217752463637509,0.00257301895280248,0.00321279632572972,0.0021541085604892,0.0021541085604892,0.00111718640884797,0.00236028591528827,0.00227893208777223,0.00161355337163048,0.00159305306545543,5.83580273608116,7.1847159359093,7.70038787596919,6.70357700302362,6.70357700302362,6.70357700302362,5.08036135918052,7.1847159359093,7.1847159359093,5.83580273608116,6.70357700302362,6.25465850512848,7.1847159359093,7.70038787596919,6.70357700302362,6.70357700302362,6.70357700302362,6.25465850512848,7.1847159359093,7.1847159359093,6.25465850512848,6.70357700302362,0,0,0,0,0,0,0,0,0,0.1,0.0802261613691932,13.5,33.75,22.5,37.5,0,0,0,22.2222222222222,17.6470588235294,10,0,2018-02-11_Nigel_trial_2,2,Nigel,2018-02-11
0.000319387674609927,0,0,0,5.44774681309589e-05,5.44774681309589e-05,0.000422208971056975,0.000680064995637948,0.000497848747338537,0.00014645839332407,0.000335589851017196,0.00225654927699094,0.00148335073073294,0.00177957954161943,0.00241152803824151,0.00147316210149191,0.00147316210149191,0.000704940709040948,0.00320922756703674,0.00254195843935713,0.00131274702834433,0.00160405903456732,0.00989865739511787,0.0125688870218222,0.0532927469537369,0.0118134584151991,0.00862504761214307,0.00862504761214307,0.00460572280948516,0.0173774935617927,0.01395664938153,0.0077321948998767,0.0071667095495511,0.00234766766560689,0.00191113990918161,0.00459648550585931,0.00293977790836489,0.0021286908288124,0.0021286908288124,0.00126078209711588,0.00277513092732379,0.00253112386571099,0.00212118354460709,0.00184517391955258,0.00346903416454809,0.00429470007398757,0.0284962746933647,0.00427478065380042,0.00287433608062356,0.00287433608062356,0.00113981763640181,0.00764213571702021,0.00578183675525078,0.00253010119514728,0.00226447958352187,0.0017869669362466,0.00241061978104427,0.0291706580137828,0.00241364762193624,0.00210936634271507,0.00210936634271507,0.00101017617143683,0.00627135835302006,0.00464330711298414,0.00140339632796225,0.00153685266911765,6.70357700302362,7.1847159359093,8.25307137669999,6.70357700302362,7.1847159359093,7.1847159359093,5.44499648486449,7.1847159359093,7.1847159359093,6.25465850512848,6.70357700302362,6.70357700302362,7.1847159359093,8.25307137669999,6.70357700302362,7.1847159359093,7.1847159359093,6.25465850512848,7.1847159359093,7.1847159359093,6.25465850512848,6.70357700302362,0,0,0,0,0,0,0.1,0.384615384615385,0.234375,0.1,0.0128397960306688,19.8529411764706,48.2142857142857,37.5,37.5,0,0,0,30.7692307692308,23.4375,10,0,2018-02-11_Nigel_trial_3,3,Nigel,2018-02-11
0.00139117238530061,0.000217646300279644,0.000217646300279644,0,7.14475959928723e-05,7.14475959928723e-05,0.000396288122542981,0.00109921011119419,0.000831303793504269,0.000284838151515504,0.000356492845465427,0.00136526268690636,0.00297916755114363,0.00297916755114363,0.00138221488498712,0.00107451193503981,0.00107451193503981,0.000870649835780986,0.00163174612683424,0.00149865271301474,0.00177497243747108,0.00158078225232094,0.0105613765886885,0.0081814741446834,0.0081814741446834,0.0113909102305649,0.00814606861074436,0.00814606861074436,0.00477925112975856,0.0102215383796156,0.00968022145315146,0.00788092110232713,0.00755464449351548,0.00217098643371232,0.00137066061080619,0.00137066061080619,0.0025355667500324,0.00164561915502034,0.00164561915502034,0.00125711576398538,0.00210071378743905,0.00198502195825469,0.00188013902612093,0.00189421494617094,0.00364073536536697,0.00333818792132716,0.00333818792132716,0.00417443549196243,0.00261437353102495,0.00261437353102495,0.00115345121618989,0.0036715346863157,0.00339539873367002,0.00248705149853932,0.00235338287365657,0.00315500450081725,0.00192699034599319,0.00192699034599319,0.00231256855892188,0.00197130772715195,0.00197130772715195,0.00108137181974298,0.00278915006978957,0.00257667272442244,0.00162637945748858,0.00167953945287156,1.67589425075591,7.70038787596919,7.70038787596919,5.83580273608116,6.70357700302362,6.70357700302362,5.83580273608116,1.67589425075591,0.481274242248075,7.1847159359093,6.70357700302362,6.25465850512848,7.70038787596919,7.70038787596919,6.25465850512848,6.70357700302362,6.70357700302362,6.25465850512848,7.70038787596919,7.1847159359093,7.1847159359093,6.70357700302362,0.288461538461538,0,0,0,0,0,0.1,0.38961038961039,0.288461538461538,0,0.0574209777972219,6.49038461538462,24.1071428571429,24.1071428571429,37.5,0,0,0,15.5844155844156,14.4230769230769,10,0,2018-02-11_Nigel_trial_4,4,Nigel,2018-02-11
0.000509548140556407,0,0,0,0.000115342668145912,0.000115342668145912,0.000655653714317214,0.000417292638091364,0.000311687116482717,0.000370119316689088,0.000370044820506138,0.00217588277277051,0.00223219193840493,0.00211268044547556,0.00242271473138185,0.00171870937126178,0.00171870937126178,0.000923125428316708,0.00234455027579314,0.00215593707541816,0.00181716771362706,0.00167571518156883,0.0138470983256585,0.0117911288907377,0.0103304667087631,0.00944417929240452,0.00857891458102035,0.00857891458102035,0.00515121922278721,0.0127407648186698,0.0113465261348651,0.00852540021242444,0.00723172473512061,0.00239778107697848,0.00254569308518363,0.00157681465887783,0.000857604203984248,0.00173424693620703,0.00173424693620703,0.0014418210520682,0.00220112931690277,0.00203937663053027,0.00233765460444785,0.00180043395819107,0.00570112312098836,0.00428878118114703,0.00300678790012127,0.00481436239598104,0.00324997192754112,0.00324997192754112,0.00127380415610941,0.00518754692062434,0.00454709461309312,0.00259664449294535,0.00233992271249832,0.00425869340125238,0.0036233863249454,0.00337280880782143,0.00264010966812786,0.00176959366990754,0.00176959366990754,0.00114640633503386,0.00393946459456878,0.00321102808220274,0.00176505904232229,0.00167229843235367,6.70357700302362,7.70038787596919,6.70357700302362,6.70357700302362,7.1847159359093,7.1847159359093,5.08036135918052,7.1847159359093,7.1847159359093,6.70357700302362,6.70357700302362,6.70357700302362,7.70038787596919,6.70357700302362,6.70357700302362,7.1847159359093,7.1847159359093,6.25465850512848,7.1847159359093,7.1847159359093,6.70357700302362,6.70357700302362,0.267857142857143,0,0,0,0,0,0.1,0.182926829268293,0.24390243902439,0.1,0.0749240056514107,6.02678571428572,33.75,28.125,42.1875,0,0,0,14.6341463414634,12.1951219512195,10,0,2018-02-11_Nigel_trial_5,5,Nigel,2018-02-11
0,0.000113183049024148,0.000113183049024148,0,0.000256480192981971,0,0.000457005963004529,9.3952448474538e-05,0.000196682617596507,0.000330713968841013,0.000380027440541491,0.00143200700992225,0.00248069656961146,0.00248069656961146,0.00172156814424324,0.000915743011396651,0,0.00110980202447173,0.00250168142299198,0.00154831510672743,0.00105333867176003,0.00129209481915391,0.00904605620524376,0.0107842107741772,0.0107842107741772,0.0103299561488201,0.00685352873001435,0.00407869426981961,0.00483438043725886,0.0100904647275356,0.00820531888711063,0.0058563942527571,0.00645925101055476,0.00125807558618583,0.00151474562070672,0.00151474562070672,0.00233786438423287,0.00177345351024258,0.00182056649878172,0.00131675128628538,0.00162245439792298,0.00172898382469414,0.00156500748267697,0.00174452416300971,0.00448120558402016,0.00456146769226587,0.00456146769226587,0.0042088239177077,0.00195564812754566,0.00100705670083075,0.00128619678756327,0.00442037232751255,0.00294840547000211,0.0015526227586574,0.00187442640834987,0.00143815553360886,0.00257401226459063,0.00257401226459063,0.00234621634718371,0.00152672675209835,0.000822106078495143,0.00103228488180697,0.00217814006940007,0.00178470935491434,0.00121125264658669,0.00138580213808505,7.1847159359093,7.1847159359093,7.1847159359093,6.70357700302362,7.1847159359093,40.6428908734441,6.25465850512848,7.1847159359093,7.1847159359093,7.1847159359093,6.70357700302362,7.1847159359093,7.1847159359093,7.1847159359093,6.70357700302362,7.1847159359093,0,6.25465850512848,7.1847159359093,7.1847159359093,7.1847159359093,6.70357700302362,0,0,0,0,0,0,0,0,0,0,0.0511178997845746,48.2142857142857,28.125,28.125,42.1875,0,62.5,0,41.3793103448276,21.1267605633803,10,0,2018-02-11_Nigel_trial_6,6,Nigel,2018-02-11
0.000172956415874297,0.000225026293134884,0,0,0.00018921191954256,0.00018921191954256,0.000561891821950434,0.000517694552716798,0.00041345355672021,0.000371773030858203,0.000387413252808755,0.00206168370937539,0.00332231928459628,0,0.00273649115256985,0.00075054412084612,0.00075054412084612,0.000839766793530743,0.00261391023190502,0.00185898664760011,0.000759717683894121,0.00142881560741813,0.0104076792996335,0.0103583120679977,0.0104738343406433,0.021648555081185,0.00785522935371868,0.00785522935371868,0.00471609287923293,0.0124638682364938,0.0105265500128625,0.00592546009709655,0.00679308226968762,0.00247292851517545,0.00149509306699464,0.000835304388915798,0.00488146716778605,0.00213480846100667,0.00213480846100667,0.00134494029518929,0.00249820670383153,0.00233027501968793,0.0017238368727008,0.00184754982932583,0.00278049820029268,0.00382557546037225,0.00505339170112414,0.00740850427591035,0.00270051968012964,0.00270051968012964,0.00114379383011394,0.00410530668722697,0.00351201881648288,0.00133790858883629,0.00196554390235033,0.00169940018702459,0.00291650628165914,0.00403885832414454,0.00555818289933485,0.00199737372421641,0.00199737372421641,0.00102474402090158,0.00293180604833905,0.00253783511110534,0.0013495829979345,0.001457015607424,7.1847159359093,7.1847159359093,18.9605790281768,6.25465850512848,7.1847159359093,7.1847159359093,5.08036135918052,7.1847159359093,7.1847159359093,5.44499648486449,6.70357700302362,7.1847159359093,7.1847159359093,0,6.25465850512848,7.1847159359093,7.1847159359093,6.25465850512848,7.1847159359093,7.1847159359093,6.25465850512848,6.70357700302362,0,0,0,0,0,0,0,0.340909090909091,0.197368421052632,0.1,0.0720795885390814,16.875,28.125,56.25,42.1875,0,0,0,27.2727272727273,19.7368421052632,10,0,2018-02-11_Nigel_trial_7,7,Nigel,2018-02-11
0.000310983503833754,0.000179763738105909,0,0,0.000153744469526726,0.000153744469526726,0.000699643144554272,0.000262660672760155,0.000234991766374381,0.00033369088463465,0.00038200171021166,0.000795850050437489,0.00230639891050313,0.00161087756820852,0.00427088369125761,0.00222391702922215,0.00222391702922215,0.000659019228546905,0.00143115434571035,0.00161518848063938,0.00108554098529702,0.00123474318815236,0.00703023015239631,0.00930930521636345,0.00838737159923257,0.00872222405431161,0.0104277458778405,0.0104277458778405,0.00460807257865658,0.00772846395391759,0.00820747038829036,0.00643028482700025,0.00628879279105219,0.00197052582511225,0.0019821011840183,0.00171836858068018,0.0012052500250358,0.00252479063443296,0.00252479063443296,0.00132751538198605,0.00190673273494046,0.00202391731032969,0.00181152786211924,0.00173887940859268,0.0020656555173112,0.00312595550116962,0.00272304077104254,0.00392569203915753,0.00383979486945567,0.00383979486945567,0.00120854659960891,0.00247970333855572,0.00272877182355959,0.00155873979271887,0.00175661309581354,0.00193127697397822,0.00204919450580231,0.00297093544955216,0.00221746393934675,0.00257364218547606,0.00257364218547606,0.00109553225997446,0.00204289819968579,0.00214039992243648,0.00149389164216414,0.0014562743584627,6.25465850512848,7.1847159359093,7.1847159359093,8.25307137669999,6.70357700302362,6.70357700302362,5.08036135918052,7.1847159359093,7.1847159359093,5.44499648486449,6.70357700302362,6.25465850512848,7.1847159359093,7.1847159359093,8.25307137669999,6.70357700302362,6.70357700302362,6.25465850512848,7.1847159359093,7.1847159359093,6.25465850512848,6.70357700302362,0.148514851485149,0,0,0,0,0,0.1,0.0967741935483871,0.0789473684210526,0.1,0.0574165819088553,3.34158415841584,9.92647058823529,25,30.6818181818182,0,0,0,7.74193548387097,7.89473684210526,10,0,2018-02-11_Nigel_trial_8,8,Nigel,2018-02-11
0.00324035470298872,0,0,0,0.00331947948652619,0.00331947948652619,0.000642305083637825,0.00743865326041518,0.0062069505305928,0.000256148213575064,0.000753083622904709,0.00270627275326127,0.0084286570167996,0.0037786947435012,0.00182893857759399,0.00412945549538885,0.00412945549538885,0.000722513553716764,0.00383100152856377,0.00395263380125266,0.00202679603632442,0.00160347161533597,0.0332327289742029,0.0847408392518824,0.0804799567160273,0.048149380531264,0.0371559039814943,0.0371559039814943,0.00511018301186157,0.0445463803809925,0.0420318424614679,0.00720120446445931,0.00874378443146395,0.00478277585488097,0.00714242005456276,0.0109157902972843,0.00796183866199043,0.00538911147178928,0.00538911147178928,0.0015172522134744,0.00590907122426712,0.00575180741417509,0.00177584733490872,0.00199640032292215,0.0119469075628379,0.0229783855870173,0.0263263633486053,0.0173487365417619,0.0151921915852978,0.0151921915852978,0.00118274345012172,0.0149389969977108,0.0150155694671666,0.0022353625246042,0.00279362208783869,0.0155208082108339,0.0429311854482715,0.0366719131423017,0.0134426897606404,0.0150728995160193,0.0150728995160193,0.00113444302263922,0.0201841364887072,0.0184688032538266,0.00166848113639725,0.00247669970834768,1.10567786074562,5.83580273608116,7.1847159359093,25.0186340205139,6.70357700302362,6.70357700302362,5.08036135918052,0.96254848449615,1.0316339220875,7.1847159359093,0.0850780700760078,7.1847159359093,6.25465850512848,7.1847159359093,6.25465850512848,6.70357700302362,6.70357700302362,6.25465850512848,6.70357700302362,6.70357700302362,7.1847159359093,6.70357700302362,0.245901639344262,0,0,0,0.340909090909091,0,0,0.172413793103448,0.229007633587786,0.1,0.040570825068906,5.5327868852459,33.75,32.1428571428571,37.5,0,0,0,13.7931034482759,11.4503816793893,10,0,2018-02-11_Nigel_trial_9,9,Nigel,2018-02-11
